Time,Amount,V1,V2,Class
37454.01188473625,10.236514095673291,-0.877982586756561,1.8709651753717822,0
95071.43064099162,39.033492307586826,-0.82688035403986,0.38961417737090387,0
73199.39418114051,103.15708971410294,-0.22647889190152676,-0.8682927318763665,0
59865.84841970366,65.88038895652369,0.3673655068161781,0.5346290861224353,0
15601.864044243652,82.13969130368787,0.9135846262332494,-2.6357477390168778,0
15599.452033620264,53.76188575852014,-0.8031789506803448,0.003375506597160999,0
5808.361216819946,58.92769180707661,1.4926885689595217,0.32782117284308526,0
86617.61457749351,94.58859940251398,-0.2711236010425688,0.9242701395378298,0
60111.50117432088,14.361975777006005,-0.021367294348436157,-1.0138959522925377,0
70807.25777960455,33.610883308562066,-0.7472116791478234,0.08568716140335904,0
2058.4494295802447,12.500656455306117,-2.4242402602729416,-0.9254246260595873,0
96990.98521619943,219.77792087026646,0.8840453963610497,0.2553837556743171,0
83244.26408004218,144.17318936602072,0.7368438970924334,-0.8953463223630241,0
21233.911067827616,2.0112550602689545,-0.2813275571182134,-0.4081008391602206,0
18182.496720710064,61.136578159786445,0.06699071722487192,-0.9958153947902291,0
18340.45098534338,129.67917787376277,0.5159392177040995,0.651136241823657,0
30424.224295953773,9.9576412693925,-1.5625458568865427,0.8584511166566653,0
52475.64316322379,41.960145882295116,-0.5290526773462948,-0.2346205699574138,0
43194.501864211576,123.5432632062765,0.7942646796218271,0.03823799496002834,0
29122.91401980419,1.7267761772105907,-1.2542894231692494,-1.4485914146335441,0
61185.28947223795,59.77052284464427,0.2935579321666293,-0.29967664800678706,0
13949.386065204184,17.64474823726064,-1.356581804623405,-0.05020461704174478,0
29214.464853521815,129.1124335677838,0.46642998243352635,2.620793091029975,0
36636.18432936917,177.12349613111266,-0.03564148229748357,-1.1119670257741636,0
45606.998421703596,144.35868406204872,-1.6151318159055095,1.4641772387524374,0
78517.59613930136,32.143070259922915,1.1647393544571714,0.996858773465808,0
19967.378215835975,99.0405353367679,-0.7345915767980492,0.2806364044901364,0
51423.44384136116,93.07136366495395,-0.810252437014381,1.7586204841951334,0
59241.45688620424,19.21702607597672,0.20056919723094285,0.3721054726068629,0
4645.041271999772,88.27987706973266,1.1486373494287152,0.3891591956679287,0
60754.48519014384,1.8854897634454864,-1.015821818978397,-0.053120653017545344,0
17052.412368729154,45.35043201439034,0.06167984984797165,1.2235688824186275,0
6505.159298527951,13.068812059864285,0.42881650033057295,1.0964692338108837,0
94888.55372533333,6.423888373582202,0.6931056072631441,-0.6256772874962124,0
96563.20330745593,4.003767165219138,0.1764415552772252,-1.3192471945987674,0
80839.7348116461,59.58389748441185,-0.3670278390833223,-0.20298063739565708,0
30461.376917337067,20.766300653428353,-0.8275902206487197,-0.8000385643976464,0
9767.211400638387,64.50682186101888,0.08614388304637476,-0.0635245746153551,0
68423.3026512157,3.3794967744737163,-1.072139011985607,1.2374381346841392,0
44015.24937396013,18.93801907088391,-2.9213504834946074,-0.45730165508679,0
12203.823484477882,38.771175720002475,0.4365598041576678,-0.04282338131157488,0
49517.69101112702,78.20486666689938,0.9039348410861953,0.058022734808395225,0
3438.8521115218396,19.191480352007947,-2.3629324355418384,0.8484308822052846,0
90932.0402078782,49.16045432010813,-1.0097307047099375,-2.246889333984605,0
25877.99816000169,108.5680829362135,0.6191542610051978,-0.6067002947652967,0
66252.2284353982,47.83782545360431,2.0574954697116987,0.21128369227947272,0
31171.107608941096,13.260782148292474,0.020793707675407894,1.2000789564268612,0
52006.80211778108,1.2351706872077612,-0.7280029412291344,-0.49190244750620515,0
54671.02793432796,102.04908431870908,-0.18289644110484016,-1.876552706041874,0
18485.445552552705,1.0749432080130656,1.3748764191481848,0.6197114459661363,0
96958.46277645585,103.85288833020851,-0.6459641791245353,-0.6353623888256293,0
77513.28233611146,37.63818602347772,-0.7991920066502536,-1.1896666590903613,0
93949.89415641892,139.89959213963314,-0.4827435221820324,-0.6243453897132241,0
89482.73504276488,80.16862615115626,-0.9533286082587124,-0.18452535765584954,0
59789.99788110852,309.1097205423663,0.12267031599479553,-0.6047446645382127,0
92187.42350231168,21.593930842414185,1.6246784584695606,-2.205566057099069,0
8849.25020519195,72.87626295557288,0.3230792731160291,0.8970661968871322,0
19598.28624191452,25.702450131147042,-0.2523535021262876,1.2748750412787222,0
4522.728891053806,32.684365214259564,-0.2918112689155441,0.6515219913395057,0
32533.033076326436,49.37664538140577,-1.563190808696657,-1.1376856704248166,1
38867.7289689482,103.4457032016195,0.883109777147159,-0.20149153394751798,0
27134.90317738959,207.01985184206544,-0.07783719701280203,-0.006521315229458062,0
82873.75091519294,73.10985551696125,-0.18047991359062565,0.5987943895619102,0
35675.332669358926,27.044209679557092,3.193107567844861,0.6683404887180808,0
28093.450968738078,27.353478790951208,0.29875290836568624,-0.7341737987784958,0
54269.608315824844,66.89088879868328,-0.7517910500951843,0.08199555641356042,0
14092.422497476264,13.641456002979716,-0.4263575962055433,0.4572804046152411,0
80219.69807540397,5.853333479033074,1.1484457091967548,1.4558223221467665,0
7455.064367977082,21.895966579705824,0.11327041053776446,0.7045065398247231,0
98688.69366005174,16.930455320891298,-1.4382779783173667,0.7890566873755189,0
77224.47692966575,17.570734486615276,0.9192289345752035,0.08382662792936094,0
19871.56815341724,13.303058297974838,-0.668144085538994,1.4104591452035038,0
552.21171236024,2.150239046867366,1.8732977762175456,0.4097627959594974,0
81546.14284548341,0.901780141597453,1.0800480657146485,-0.8610879101735704,0
70685.73438476172,219.99889895561512,-0.4473218956587512,1.4033699701251907,0
72900.71680409873,27.910987344605097,1.281016361735113,0.6979032725390276,0
77127.03466859457,24.251936372765893,0.0678555105274033,-0.4430440211284823,0
7404.465173409036,56.916632431322356,0.8527736751222195,-0.47949296739924335,0
35846.572854427264,12.311262797046666,0.48473281729447476,0.2965755451407618,1
11586.90595251297,149.7478126869888,-0.8463566549908735,0.4631847952675847,0
86310.34258755935,77.16963909377931,-0.643549832317462,0.19729226563120644,0
62329.81268275579,4.683181932050347,1.0299608175811612,0.3113086734428849,0
33089.80248526492,27.028238701669487,-0.33477533210654087,1.6999573745763805,0
6355.835028602363,105.64714800704267,-0.4036484632419967,1.0715431522348857,0
31098.232171566222,144.7780801560416,-0.955122579349353,0.19063559126502433,0
32518.332202674705,31.499372155069615,0.42359906559346105,0.9413105807674833,1
72960.6178338064,47.519708628821824,2.062524919243145,-1.0325239035275395,0
63755.74713552131,9.138119462839928,-1.0675329142542729,0.39792704994680894,0
88721.27425763266,236.47223430464064,0.02421945667275807,1.80930634973311,0
47221.49251619493,13.176908250884164,1.4122205554154292,-0.21804589539237385,0
11959.42459383017,143.0004665746944,-0.07964139124571515,-0.8476339286190848,0
71324.47872229951,52.440652973428,0.4523717962497339,-0.6520888885930607,0
76078.50486168974,46.7911111436097,-1.0623935281468797,-1.0896330373423884,0
56127.71975694962,35.94258762962206,0.4283070972076486,-0.7847619081277034,0
77096.7179954561,13.111751402598133,-0.18714426500454878,-0.370508098590029,0
49379.55963643907,9.711288501168363,0.985729995679863,-1.405567019178642,0
52273.28293819941,12.454244931025338,1.1873860515647512,0.015618333949603047,0
42754.10183585496,10.316673177727509,2.589563642018614,0.9022771737866472,0
2541.912674409519,75.61203787863982,0.5796331732135757,-0.9077561801469204,0
10789.142699330445,21.548782053653717,0.32579631658216646,1.5192839236417688,0
3142.918568673425,2.979150416638424,0.19438430157733602,0.5107920885275947,0
63641.04112637804,173.85421082633871,-0.35316629281068834,1.0305805856240573,0
31435.598107632668,107.61604850130001,0.33848384346169114,-0.6578345538521371,0
50857.06911647028,131.38272769033773,-0.29540141013902943,0.8545252270666157,0
90756.6473926093,264.00248845248535,0.1684609762696143,-1.091933900395313,0
24929.222914887494,9.551684828809266,1.3175975356079597,0.8902475008365087,0
41038.29230356297,25.229092744694036,-1.0065425652796411,0.17183933979353122,0
75555.11385430487,70.99017377406354,1.1398785611290454,0.5532512199847837,0
22879.816549162246,59.53977012106687,1.3171150673398653,-1.1755946056248516,1
7697.990982879299,8.355644239675343,-0.11806852699107874,-0.8950698422766047,0
28975.145291376804,84.59565014931576,-2.1218548990085946,0.5972282182533848,0
16122.128725400442,12.708533362029314,-0.6078219870944325,-0.9483480042242007,0
92969.76523425731,12.668387698482153,1.2969945465611092,0.46320629209912306,0
80812.0379564417,38.49864921454185,-0.022868062298882122,-1.3671378064602457,0
63340.37565104235,44.93972620934595,-0.9993022322949108,0.8481742126666681,0
87146.05901877178,43.38529227647337,-0.5047749212282174,-1.232523314768509,0
80367.20768991145,4.797295148550687,0.840620026504553,0.5522999376795232,0
18657.005888603584,104.96624056457118,0.5467335682013793,0.6256309336460009,0
89255.89984899778,15.435074883350778,-0.23893209916969432,-0.6967718184295749,0
53934.224191565074,6.935233048470016,-0.36682441181468756,0.5820265670847269,0
80744.01551640626,109.79790492400167,-0.3917581490438219,0.26044226333355597,0
89609.12999234932,155.78381763766396,-0.9224101844985025,-0.5388418561927383,0
31800.347497186387,99.07133922374811,1.6153756894694418,-1.008554684076208,0
11005.192452767677,82.90937348668062,-0.3223204692113399,-1.962625691672579,0
22793.516254194168,53.245625059931,1.2171585208254965,0.3496500472996937,0
42710.77886262563,40.02073907849494,1.5213160519224513,-1.5648027713620551,0
81801.47659224931,4.550244837617541,0.9983108981479604,0.0953441994413082,0
86073.05832563434,26.25072499551324,-0.4316203127180484,-0.2634482160822491,0
695.2130531190703,23.315603931530806,0.40373009033660945,0.6791427754381955,0
51074.73025775657,15.038621173814223,-0.024195606390916165,-0.3020454994898642,0
41741.1003148779,64.26277899985342,-0.9037018607301281,-0.3294477863470914,0
22210.781047073026,34.24662419588268,0.324359281721603,0.7318707042882956,0
11986.53673336828,4.225972361777927,-1.1790397911598025,0.3350580290841175,0
33761.5171403628,12.434813059020824,1.1876793884615637,0.3161559571827783,0
94290.97039125192,57.48350637986245,-0.4646172972983931,0.46926758980852623,0
32320.29320207552,3.9592420097456156,0.2011596558728393,-1.5355721232071058,1
51879.06217433661,95.25993115221024,0.28328787154614216,0.756788679986982,0
70301.89588951778,34.17435221560392,-0.25890497370407733,0.6124687940136023,0
36362.9602379294,32.752756871779546,0.5866938014752747,-1.0166831285764972,0
97178.20827209606,44.87440382940374,-0.47490365662252443,-0.2440804736742013,0
96244.72949421112,87.05739564722383,0.8712972974572442,-0.039307287627631186,0
25178.229582536416,21.37090669726076,-1.3459796802467485,-0.1344967844017327,0
49724.850589238544,56.662694896142554,0.12637957954641182,0.33385996656853467,0
30087.830981676965,41.70466705174868,1.9389289990582848,1.4313667818311835,0
28484.049437746762,15.532407280053537,-1.0003313246055747,1.0817667276728287,0
3688.6947354532795,105.44557177201793,-0.6777449705248515,-1.3122191934314063,0
60956.433397989684,79.83250668763662,0.513907849658915,0.6220699903060487,0
50267.90232288615,53.713328469243805,0.17958178193959795,1.3289333195354096,0
5147.8751249989355,95.05028592708032,0.3506300992735592,0.38680852068920263,0
27864.646423661143,100.98103191102649,0.4891871301476635,1.090980425185967,0
90826.58859666537,61.612266045465546,0.6347214685617699,2.012270445700765,0
23956.189066697243,90.70434253104662,1.1096998419562232,1.0237095461069814,0
14489.48720912231,59.778983218599194,0.40981865692851255,0.24930859564172886,0
48945.2760277563,56.99371458644325,-0.24125765461854246,1.0450884740847535,0
98565.04541106007,48.19682095110941,0.6725737012027313,0.14488783309689118,0
24205.52715115004,69.86101958130321,1.8998819348952156,0.02390304328495547,0
67213.55474058786,8.63470877306395,-0.13263374638257355,-0.35141423571373254,0
76161.96153287176,106.37731590260766,-0.9745293046706415,1.5634133588321082,0
23763.754399239966,102.72516610714678,1.1070806692869728,-0.8184286659420014,0
72821.63486118596,1.4841755771511007,-0.12038116395359824,1.532367724678116,0
36778.31327192532,87.38236881376568,-2.172669546014036,0.49986412374037137,0
63230.583059357945,6.898195370187782,0.8474216771504216,-1.3993061748019415,0
63352.97107608947,20.40734912546543,-0.5353281859539227,0.3676492929914216,0
53577.46840747585,68.03294015803708,-0.09053328230416077,-2.100026507651624,0
9028.97700544083,8.762921736478159,0.33198033056901455,0.6255080168310357,0
83530.2495589238,85.17837110792861,0.1904996797790664,0.885231482988991,0
32078.006497173585,89.2295148506112,0.7094518171390395,-0.5923559556520536,0
18651.851039985424,35.40976526547985,-0.43548637056984335,0.12354769595558233,0
4077.514155476392,0.32031743087075837,0.5131057981760827,1.9541574337502863,0
59089.294318824184,16.916367135592754,-0.2595466775839172,-0.5057467042619367,0
67756.43618422824,47.97647471818692,0.738810480887503,-1.0589075870566005,0
1658.782892785615,198.6581733987204,0.6153674840130534,1.4816634024625988,0
51209.3058299281,49.95828745445317,-0.9354387020445953,1.9625871905307948,0
22649.577519793795,15.041984850505852,1.0859821161750323,0.0036956718478473255,0
64517.27904094499,50.25687639707752,-0.535963445114048,1.0114630354083562,0
17436.642900499144,38.824850338883564,0.8080577982811451,1.341475915530881,0
69093.7738102466,75.67126150647327,0.36728731340134063,-0.742484232538384,0
38673.53463005374,5.657350864791453,1.8381836767951225,-0.4853058353678683,1
93672.99887367345,71.57042403682414,-0.22346598237185214,1.230874513154735,0
13752.094414599325,38.96430095349447,-0.3493167961181975,1.6850142787085094,0
34106.63510502585,164.83106388838328,-0.01941960588773261,0.5628808601743548,0
11347.352124058907,20.91780449945556,-0.30317978283427544,-0.8798143535020543,0
92469.36182785628,50.068184867251155,0.7999419019420501,1.9870611116994412,0
87733.9353380981,134.43304877842758,-1.616310608436588,-0.5309708978119645,0
25794.16277151556,5.407649883263731,-1.053682419146354,-0.33513778117145177,0
65998.4046034179,138.4126963419384,-1.067802921579193,0.34233783448962146,0
81722.22002012159,58.21929417789845,0.9503075919735757,1.5541604207147741,0
55520.08115994623,3.512382514555415,1.7106133725819253,0.8539759765522237,0
52965.05783560065,17.90262082141199,-0.1044492185374715,0.41486550036191044,0
24185.22909004517,61.579549756065624,-0.16882172319001063,0.4632885301181062,1
9310.27678058992,3.486296369738066,0.07005216311318138,0.04351466864346608,0
89721.57579533267,43.634086454748186,1.1618783026081905,0.5581395145185063,0
90041.80571633305,21.223456575568058,-0.9273531341905741,-2.529560077694303,0
63310.145727326795,48.49980952374174,0.23836898273478513,-0.29660745906979835,0
33902.979104870064,2.3410619638977423,0.9751976297824297,0.241321934916781,0
34920.95746126609,102.60564224384564,0.5010941699398452,-1.151014083619507,0
72595.56788702394,181.50971875721706,0.1895816165987434,0.38632331781156,0
89711.0259952577,173.49178322458755,1.0010460925671412,-0.20447122098612153,0
88708.64242651172,69.2451328480615,-2.703232292999237,1.75547569831549,0
77987.55458576238,6.968059941690289,0.6778753195309076,1.5730197252148563,1
64203.164615428774,70.995286558018,-0.6540756831274238,-0.46580556911816284,0
8413.996499504883,1.2447111141255656,-1.830632896856457,-0.15083771156669531,0
16162.871409461377,1.1185973867236931,0.5112025995249807,-0.0739475656083926,0
89855.41885270792,19.54928851086151,1.3736585451629577,-0.4516594761596227,0
60642.90596595899,33.534383746084,-0.13744851462769186,0.19502498402812674,0
919.7051616629648,73.57244612919284,0.9528745472029388,-0.7582820688875902,0
10147.15428660321,57.48928634454094,1.6122782579886454,-1.1306153349375263,0
66350.17691080557,29.520749369785428,1.3149144535840473,0.6227112239002686,0
506.15838462186866,15.984558127920351,1.639964529371393,0.6295295842218108,0
16080.805141749865,292.576438082849,0.7421274910718922,-0.8043157596599924,0
54873.37893665861,27.772089505501707,0.0754336389015928,0.8953554307625996,0
69189.51976926932,30.018102421227145,-1.6019658118971685,-0.6315777291653314,0
65196.12595026005,8.933839622727785,-0.24606248812994858,0.2531652380379812,0
22426.930946055978,79.19083503186542,-0.8432465953161917,0.820344012612456,0
71217.9221347536,59.15661190182869,2.1709427174978138,-0.03361256470371301,0
23724.908749680006,12.472426472658798,-0.1758858124323366,0.4547409121411344,0
32539.969815926772,4.298652845118935,0.12320480678448567,-0.5164296438875717,0
74649.14051180241,57.04979103686202,0.5514853760404675,-0.19646658342809717,1
64963.28990472147,53.13975472115715,0.043602446372453724,-0.20585943088034037,0
84922.3410494178,15.959292433686983,1.695051040430753,-0.7465783465402389,0
65761.28923003434,150.65772031925547,-0.622649361734452,-0.1767741631157821,0
56830.86033354716,8.188214159732542,0.1946074552372427,-1.5486182988637467,0
9367.476782809248,28.311173625170582,-0.7424705856980482,-0.4911537471421047,0
36771.58030594335,143.77842163998272,-1.3200225112207058,-0.28487549336967083,0
26520.236768172545,27.212857134677503,-0.6117690909052854,-0.2561797524953801,0
24398.964337908357,50.878250886505135,-0.03703679704841202,-0.24149744587077882,0
97301.05547524456,25.341215150456982,-0.42930222451725997,-0.061764199860128925,0
39309.77246667604,16.025086503344063,-0.692420979873856,0.4794415180860639,0
89204.65551771133,206.6885264565887,-1.4063174636718339,0.8745170741325226,0
63113.862599726286,26.32522879227116,-0.08310557262869477,-0.6497652268482671,0
79481.13035416484,112.26262534240661,-1.5047203740310022,-1.2032008553891445,0
50263.70931051921,13.065290624194523,0.7600559636896026,-1.042044412243103,0
57690.388462635914,11.983004068942895,0.08243975293450329,-0.48720292119492714,0
49251.76938188639,1.58145245477775,-1.4575514994649306,-0.3519213178165091,0
19524.29877980445,52.72979294379948,-0.30920907704986345,-0.7699960661974573,0
72245.21152615054,22.984952708610066,-0.7521564055905832,-1.2961166642498945,0
28077.23624408558,99.88690294133968,0.31917451041918043,-0.4561208274741882,0
2431.596643145384,32.04765573514069,1.3404504460231446,0.18142662011397137,0
64547.22959071678,172.40411706004005,-1.8751724696457446,0.5950294658355647,0
17711.067940704896,10.26060891304192,0.11502607914741717,-0.5574230531083212,0
94045.85843529143,101.48427523649552,-0.1601327955666404,-0.41299782214343406,0
95392.85770025874,74.93886523371488,0.6713400764504657,-0.9266983088473107,0
91486.43902204485,73.68460219450182,0.21319662823768915,-0.03143917037477642,0
37015.87002554444,93.14663054072945,-0.7519693317388191,-0.8484286341908146,1
1545.6616528867428,71.56960563018635,-0.31905393566661816,0.5731278132412001,0
92831.85625877253,49.20443752117819,-0.796025856803489,-1.7858664919341112,0
42818.41483173143,7.034699296379124,1.0760071385985983,-0.3596296724524624,0
96665.48190436696,1.6533456674992855,0.02131164867194222,0.3011073391917421,0
96361.99770892528,126.8191650907132,1.9011906857530074,0.18383451632250436,0
85300.94554673601,47.94038447153901,-0.060660813814620775,2.6930336639804966,0
29444.889206958567,79.61362694658197,-0.7084067669104628,0.34980002456790754,0
38509.77286019253,32.84291801348973,-1.5137143926128271,-1.0040545968420103,0
85113.66715168569,6.238958208700401,-1.803139676255945,-0.09546424708907303,0
31692.200515627766,6.68718745581692,-1.5841359430054898,-1.7762463334664518,0
16949.27466860925,57.84894074723557,0.2671266510114834,-0.08059974929676088,0
55680.12624583502,28.132785996209513,0.5087250232299338,-0.8330560570007587,0
93615.4774160781,11.189983744581806,-1.5811907020321334,0.9153902755601617,0
69602.9796674973,33.82380067046655,0.8950383140761154,-0.5495402745955349,0
57006.1170089365,3.318152539672983,-0.4830610516834395,-0.11676591579524663,0
9717.649377076854,43.61027161624753,0.14679301198554937,-0.6355578414044034,1
61500.72266991698,15.66663983062287,1.6122206282554243,1.7388513518533313,0
99005.38501042633,79.8653645015981,0.8968393158655319,-0.3212427661179117,1
14008.401523652403,18.57941985900969,-0.2685306479058323,1.8325570434792018,0
51832.965236373675,30.368675459765626,-0.8911922254152874,0.8141517621182666,0
87737.30719279555,0.5844293025465451,-2.151815401329305,0.48206672733538614,0
74076.86177542045,3.760261115334893,-0.7191533192424201,0.3687331473175197,1
69701.5740995268,24.91962485428586,-0.21113023882769444,0.39379729821625153,0
70248.40839871093,32.690442439000634,-0.987179527151184,-1.92767257934561,0
35949.11512197552,45.81710517459567,-0.13125696709230472,-0.2788833941507565,0
29359.184426449337,17.24173575372291,0.07685188295876821,0.8451579711843216,0
80936.11554785137,59.369205719459295,-0.22485598180807856,-0.04889718347410554,0
81011.33946791808,98.34937522015511,-0.6500025808234597,-1.405189846803575,0
86707.23185801037,75.67253193487853,0.16865467196672768,-0.05240445057746945,0
91324.05525564712,2.0212508198851578,0.44194064956940904,1.7041055162554912,0
51134.23988609378,32.74509207510541,-1.090399077442846,1.2468917155347194,0
50151.62946871996,5.542677540477307,1.41093237974627,-0.062004009366031745,0
79829.51789667751,13.85656413923591,-0.09858813228426173,0.9514492770580866,0
64996.39307777651,215.85913276147167,0.018849622944847662,-0.36650702036805183,0
70196.68772577033,7.686445108652931,0.7082144232565571,-1.703871586826719,0
79579.2669436101,34.54629781045037,0.23321613126350166,-0.9244659881295544,0
89000.53418175664,48.137121748064324,0.9531366339132451,1.5628887685081978,0
33799.51568515358,60.61116574288691,0.2871241652018242,-0.2739930818293042,0
37558.2952639944,41.00912120190553,-0.6124373746404379,-0.24338397937501807,0
9398.1939840869,0.4909447692281613,0.36150352520610163,-0.29983819627488056,0
57828.014099617394,19.760491799893007,-1.1437262073206618,1.904136589573007,0
3594.2273796742084,36.460654678634164,0.10855970577652314,1.6259589153620633,0
46559.80181324601,4.598445855202536,-0.0332299906444608,2.218780233448134,0
54264.46347075766,21.58739455418413,-0.2081168572725397,-0.1590452104000513,0
28654.12521282844,1.6883422852762027,-0.12853751143893075,0.29562448874709507,0
59083.326056901074,4.091884480404363,-1.881849045497639,-1.5166425494207911,0
3050.0249939049427,25.285542676779745,-0.5487249077409615,1.4769344261182744,0
3734.818874921442,7.119425296233069,0.09284490114111471,-1.167779551267935,1
82260.05606596582,41.91337019590603,0.15985639199740037,0.2167755637626291,0
36019.06414112629,58.4729281579217,-1.0276751409259581,-1.097302527632844,0
12706.051265188478,80.61878595553796,1.2657078408647007,-0.5888668267386961,0
52224.326005480434,11.16656871289236,-0.8661748482145009,-0.8372624310497003,0
76999.35530986109,9.165056756753847,0.9694572005267368,-0.6078752606758179,0
21582.102749684316,5.522440864253784,0.42719436187168486,-0.5391227031489786,0
62289.04758190003,50.58920573520652,-0.646227309843803,-0.5482687949250771,0
8534.746499376799,61.28974697557997,1.775310892609512,0.8333339117803071,0
5168.17211686077,1.6047873368016057,-1.19363683175648,-1.10486279306252,0
53135.463156814796,137.60970272244543,0.9191541736100015,0.22054142701386686,0
54063.51216101065,2.6685242839504015,1.0005823180429783,1.2179591523055584,0
63742.99014982065,38.9675444047811,-0.6706202090766449,-0.513196364513396,0
72609.13337226615,61.73200020306196,1.3924653000643288,-0.7179188907476018,0
97585.20794625346,102.38517762273804,-0.2500465145989528,-0.23052462518025083,0
51630.03483011953,62.603373643601316,0.28869362927985703,1.1797252083607102,0
32295.647294124596,80.9057936298363,0.2603218387712207,0.1941076309533577,1
79518.61947687037,20.73413745732168,-0.1343087414705478,-0.5312142946075985,0
27083.22512620742,84.32272846739617,0.8108082731597821,0.48387665118803974,0
43897.14207056361,4.175322487908133,0.793488720552213,-1.1022921498364233,0
7845.638134226596,112.60251593926081,-1.7485319732381808,0.681359510442948,0
2535.074341545751,39.65858414394647,1.3043402428781525,0.4086073077017676,0
96264.8414677925,84.99488048327594,-1.6624919880356743,-0.3078084711388841,0
83598.01205122058,30.10304859675232,1.0325462043416573,-0.838585798447231,0
69597.4206093698,51.58195008600443,1.1267051368275833,-0.8866809222834573,0
40895.29444142699,37.36989069793848,-1.0909664302151982,0.5348173363459102,0
17329.43200708458,65.76189174934603,-0.4108142879545848,1.2289805024890619,0
15643.704267108604,4.257744994447808,-1.1057046684859357,-0.6373077470287948,0
25024.28981645953,3.112501565950754,-0.21492103028873533,0.45838670355148425,0
54922.66647061205,14.19135787699582,-0.30803428418574125,-2.0870270186020687,0
71459.59227000624,8.690574325757503,0.7796605322693398,-0.5846177306571996,0
66019.73767177312,102.70177785011991,1.3103087461196083,-0.031058932870901952,0
27993.389694594283,12.372707909027698,1.395683810789956,-0.9096834169818336,0
95486.52806631941,186.20514047170468,-0.5621680265783021,-0.936506374789596,0
73789.69166957685,20.541156216571466,-0.20922187374452778,-0.6677795564688862,0
55435.405251140066,10.051855198942643,-1.6834381922209503,0.29219272832637316,0
61172.07462343523,77.96065487971737,-0.8058700664961888,-0.1873290184063747,0
41960.00624277899,53.750810267075934,0.9648516330974576,-2.238231233324972,0
24773.098950115746,34.47725543617169,1.6155828235482317,-2.120700152635066,0
35597.26786512616,40.524914955781036,-1.234348871879922,-0.6068651778571754,0
75784.61104643691,63.505946986448315,-0.5924642591528942,0.45768658605355206,0
1439.3488629755868,12.967997284335336,-0.02640575695892703,-2.7475048427252347,0
11607.264050691623,280.4315616023852,0.2801611588196068,-0.4997301761516306,0
4600.2642021752745,184.03199889450474,-0.8096035199216461,-0.5262478565174211,0
4072.880231897014,52.53765450662784,0.4240610444640897,1.3883377782084478,0
85546.05840110072,11.128588923444667,-0.47383934707091613,-0.38502181171286365,0
70365.78593800237,57.00738976376844,-0.014452270878279104,0.38298898474092846,0
47417.38290873252,3.7468685917146645,0.5462842480036996,0.14125714008746323,0
9783.416065100148,1.5566058261809739,0.0064222698109378164,-2.1305664798072006,0
49161.58751168323,14.898937656944828,-0.4363858905265686,0.7682072166317373,1
47347.17707805657,31.052765093671947,-0.10960980392583083,0.21539650545628794,1
17320.18699100152,101.35099625954203,-0.08836295920533532,0.5082686396745896,0
43385.1649237973,64.94514894089446,-0.3700110298821277,3.9262377064363267,0
39850.47343973735,67.8768952374661,-0.25879606266710237,-2.0841129394985884,0
61585.00980522165,27.712178970370694,1.598647170504717,1.7246966497611085,0
63509.36508676438,21.22742663447413,0.5609194479412387,-0.28744751940035557,0
4530.400977204452,23.184282527364854,-0.29548031802916036,0.2873289044030093,0
37461.26146264712,219.70319457582522,0.6969544045107356,-0.04551224530124217,0
62585.99157142364,2.0467871021964337,-0.33381948975600995,-0.4242363333980435,0
50313.62585800877,100.88214958778694,1.1731246375866413,-0.5698329282387588,1
85648.98411883223,43.217587067633126,0.3696421921980939,0.32950873557300914,0
65869.36316189451,28.867454051732977,-0.10730214400422888,-1.5171736966716791,0
16293.44270814297,64.59607837444352,0.4477169258102776,0.7505791675217656,0
7056.874740042985,33.3417151799607,-1.5708761520684993,-0.41619440488525394,0
64241.927820631565,103.34531706338834,-1.1267674689098053,-1.1300693390403578,0
2651.1310541621815,115.48142398101872,-1.1939250063990554,-0.4500128579958137,0
58577.55812734633,27.38493506770124,0.14294309476370676,1.2571492168625729,0
94023.02414249576,16.205395354257096,1.732514999485092,-0.5353350870162231,0
57547.417787587896,44.867356097045466,2.2313001461926323,0.35845361820962024,0
38816.99262065219,121.72779697617995,0.6380511014407572,-0.7309562757154733,0
64328.82184423532,11.828044947501228,0.5008444749444569,0.7579218499236196,0
45825.28904915167,48.77107288497878,-1.801057734152739,0.6855077387902041,0
54561.678931593495,49.92390001127717,-0.5426737997340217,1.8486088332964115,0
94146.48087765252,66.04650075634278,-0.7877837519082389,-0.1755639454992155,0
38610.263780077425,7.053281485133021,-0.620847598251116,0.6686548047579066,0
96119.05638239143,62.908245456355495,-0.1681438185847896,0.09806753953894455,0
90535.06419560638,119.86266031446225,-0.47209057769712737,1.2958717818630143,0
19579.113478929645,9.903228039007228,-1.9792998103757877,-0.7188323876087304,0
6936.130087516545,13.560479584358099,0.7479102561175338,0.7450053128772811,0
10077.800137742664,177.7088519430756,-1.0727430257398065,-0.19469729611668168,0
1822.1825651549727,9.982152737757895,0.23924686411114954,-0.06418817710849775,0
9444.29607559284,96.3394883878329,2.0740826697499735,0.09175248444837286,0
68300.67734163569,33.89104712767745,-0.9193845915864234,0.2522403964266774,0
7118.864846022899,14.199848499718524,-2.5302875227463297,-0.11622904312195817,0
31897.56302937613,102.30030008724245,-0.2860042218801108,0.21471318317052634,0
84487.53109694546,29.466866277997788,1.100959634998571,1.5781180575621845,0
2327.1935735825864,36.161493455055904,1.9583474542205939,0.9854496856152184,0
81446.84825889357,22.254497958890394,-1.2295495944524168,0.8691545924968965,0
28185.47747733999,44.94106713425393,0.4966992232365217,-0.4555395260238707,0
11816.482762165626,8.927864880881568,-0.46531045678005334,-0.8892408282283243,0
69673.71653641507,24.80354531817368,-0.10594835430413566,0.9553005582377528,0
62894.2846779884,174.35790209105718,2.6443433470170348,0.8760467925297942,0
87747.20135270529,14.92929402120031,-1.5029703283951532,1.472670675750982,0
73507.10438038858,53.46286922585514,0.25373966149457344,-0.6039806259692295,0
80348.09303848486,19.666210219446352,0.4676931717654332,-0.22954865536034708,0
28203.45725713065,74.24458453535824,1.0857863249393471,-1.6394841625254342,0
17743.95437797228,7.013338980506838,0.09798315347089544,-0.39247110606087293,0
75061.47516408583,175.03052272122,0.3080505395041023,0.9965705105794472,0
80683.4739267264,30.23754610823689,-0.3916485674217911,-0.46649537922819795,0
99050.51420006734,13.462677174886013,0.26912694124510733,0.6404797952008238,0
41261.767691142646,3.8168861277968533,-0.3431922754974105,-0.19050310599781134,0
37201.80857927832,9.301897005229696,0.6215718898560508,0.32405702822156063,0
77641.29607419968,36.674917271479075,-0.36961033604363397,-1.1476913898156673,0
34080.354025301785,20.549253990258332,0.37710039390218647,0.08520944963390106,0
93075.73256035647,88.27049420610787,-0.029262813684978354,-2.9911359709007233,0
85841.27518430118,28.18385953427962,1.1260502507721681,-0.18689615816198485,0
42899.402737501834,14.29846184879255,-0.05139372358848624,-1.6304732437151401,0
75087.10677914973,48.00494582867339,-1.7730324682068814,1.205994516546816,0
75454.28740846824,61.341130347967244,1.2619215007139917,0.7774073527645112,0
10312.38688359326,9.138597384292341,-0.9057323008626189,0.46667098196608103,0
90255.29066795667,9.173263506538035,-0.6537663386488198,1.52100622715938,0
50525.23724478571,1.8680364004741368,-0.5956612940434921,-0.9489165208248372,0
82645.74661077416,66.66650603949171,1.3744380931708173,1.7473631979155582,0
32004.960103061174,54.50312625735495,-2.1356742139786955,0.9321915642603847,0
89552.32284962005,32.182708481764635,3.1377485336599937,-0.23655528721894603,0
38920.167873416314,92.94962453380751,1.0560568090660518,1.1356201471829441,1
1083.765148029836,81.90991605846757,0.22323891412915967,-1.1062935124116342,0
90538.19764192637,44.016550681796076,-0.05489400061628639,-0.8245141615276735,0
9128.667678613356,101.35053132645014,0.28555407485765694,-0.6085897232397004,0
31931.363759041487,11.523592518528677,0.5211224283793383,-0.5289777080640152,0
95006.1967050805,5.934651069514229,0.645215585950057,-1.0565576427602528,0
95060.71469375561,15.718390286405398,0.5556044660034485,1.223083067095325,0
57343.78881232861,2.9390553364981353,0.08958068125524882,-0.25885440036983165,0
63183.721216979924,37.87570214169719,-0.1973384203073261,0.35250496835687956,0
44844.552197831974,137.91906027009833,-0.1512732836535117,-0.5703513664136806,0
29321.077169806453,2.006920820469112,-0.194908280352681,-1.8206033005485172,0
32866.454536991594,6.511693999155837,1.1337700968670645,0.2700573583914221,0
67251.84560770384,30.092162415096546,0.5935567222808619,-1.9122549754197768,0
75237.452943768,135.81043269379973,-2.9403886346642802,-0.06863404608546861,0
79157.90437258485,19.00128055283935,0.655900776529761,-1.3683150388328105,1
78961.81427945539,35.386125188567256,0.19473619471877485,1.987275999230808,0
9120.610304869037,2.123086650052585,-0.018708756445897416,0.9113627221747217,0
49442.03047025815,8.028582566820946,-0.38851845308888583,0.10575379127148042,0
5755.876001664428,215.73755422666895,1.1241127199860135,1.2637066776546686,0
54952.88823237355,167.79021539099546,0.9475264621228578,-0.8463159774657358,0
44153.050137337705,0.2476111486913808,-0.7728776678236091,0.543479378670093,0
88770.41827582997,151.63203993394077,0.4070522871245351,0.1998104337187135,0
35091.50125520787,50.96048067842504,-0.971656734541286,0.26402008133367,0
11706.701642760587,101.21672834882554,-1.3796181647889305,1.2723535001067678,0
14299.168205283586,30.324613454600474,-0.6267172245899651,0.7324921027798023,0
76151.06317174723,36.24180343488855,0.8623934723827588,0.28872366282502326,0
61821.8063316261,33.554274975443,0.9531250453760867,-1.6548874362282961,1
10112.267612279025,54.96026185327917,0.513085420097293,-0.9600462952794637,0
8410.680611499743,7.520872710472859,0.7250957868479971,-0.12270893359572414,0
70096.913145912,1.5215990459985635,0.5161782871149584,0.09337237427665124,0
7276.3006364193525,18.403404400689045,-0.6414815952229522,-1.1302037246739238,0
82186.00592903561,60.98491737704197,0.43192254467394064,2.411676675578421,0
70624.22271564962,11.273152721830519,0.8004095252276823,1.5163940552535728,0
8134.878064189977,55.955920466598954,0.7542913298135743,0.6021183203924835,0
8483.771408519191,175.1815195114605,1.188913371474643,0.07203686128374476,0
98663.95785011754,4.930319686089348,0.7083038472010638,-0.21220896990115168,0
37427.079575612035,55.82895419522681,0.3514482075415829,-0.9519184600222356,0
37064.21470668909,29.326891987858676,1.0701502383164274,0.07748051851886253,0
81279.95672575026,101.30158110967582,-0.026521259249060063,0.2577525401427507,0
94724.85773838586,9.749054952932191,-0.8818746512277178,-1.2417605754816243,0
98600.1063822871,58.98449381901769,-0.16306696394376388,0.33417641724489744,0
75337.81852589417,91.04354307988228,-0.7449026448064491,-0.15525904882474875,0
37625.95855309158,144.67161936901365,-0.6751782749743815,-1.907807557877391,0
8350.071669866877,57.481811749231106,-0.14451867071551783,-0.8603850107795019,0
77714.69159274368,34.37563063057698,-0.7924199209999613,-0.41360553342164424,0
55840.424973580506,48.09674277754708,-0.3079615296390403,1.8876876573401904,0
42422.20092469763,101.59164546839557,-1.8936146669537857,0.5565531245337582,0
90635.43850947359,42.26945460345029,0.21329370737293857,-1.3354815690998914,0
11119.748230615134,1.54291588669526,0.0012054753622242368,0.486036289417637,0
49262.510429085916,133.64527536495865,-0.8170886310681906,-1.5473039889383655,0
1135.3644767419069,58.48287680055751,0.6592456684324051,1.0826910538870733,0
46866.06419941263,56.429877193974455,0.9375701376265584,-0.4711246518178786,0
5630.327568183735,12.146599900901197,-1.6075598643689741,-0.09363618873917084,0
11881.791626807191,53.776849683404436,-0.7627247785662142,1.32579664754219,0
11752.624677710488,25.03257824479294,-0.7691423497872982,-1.28716356858425,0
64921.030211606354,52.66755678436182,-0.9399031011088647,-1.3971181851129912,0
74604.48792654232,5.635653439134803,0.8294748419317485,-0.5835993263460049,0
58336.87650971596,53.62461592329283,-0.19382613877280352,1.0383788510193166,0
96217.2548474542,372.0861454852203,-0.26451484131061076,-1.5193460754768424,0
37487.05795237041,2.4706499447150345,-2.0038623644067535,-2.832155598110569,0
28571.208628186072,188.99315562811142,0.6354180302092264,-0.4511588584089988,1
86859.91281894603,26.120284122729863,-1.2392583948534726,0.5517407999109204,0
22359.583851945263,102.30167305078766,0.05993263026632825,1.2002617497388293,1
96322.25394406113,76.25150284671463,0.2773769379581917,-0.463161362085399,0
1215.447468981634,41.85275529632762,1.360658595838651,-0.41142660711600243,0
96987.88267076391,67.05633929263293,-1.308820399119112,1.1539007342557472,0
4315.991195057612,105.39845504791698,-3.0195121558208253,-1.8697416996954206,0
89114.31136980711,25.887503932435134,0.18384954475369486,-0.38852077518300926,0
52770.110908629984,19.802961239550324,1.8005111815108537,0.19042388992505774,0
99296.47961193003,55.06981585861534,1.2389463529394373,0.44921872128503426,0
7379.656473539886,82.47289214855367,0.20965941527462578,-0.5098066931908826,0
55385.42844013208,71.8341684410256,-0.49163618563204736,0.03444101170584135,0
96930.25356190989,79.92827382238877,0.8071225966373103,-2.4883273534129895,0
52309.78441701488,28.598124837094325,-0.9735461997044687,-0.6582484123338483,0
62939.86381352625,85.14190531929316,0.47635776935621926,0.4535087125544674,1
69574.86889846172,6.403548132678573,0.5054701591666269,-0.9822940342546795,0
45454.10647677732,39.316781417214145,1.0602099074988798,0.058984221589597374,0
62755.80800840635,0.28876527581269273,2.7596600389110777,0.446872500802698,0
58431.431192310025,19.621459547159393,0.39241596717876703,-0.34254920085776497,0
90115.8010490989,22.821728131459306,-0.5089636257074988,0.1704637709965709,0
4544.638034145787,25.22335175943337,-0.025574312191994436,-0.9627325652846123,0
28096.318959223034,59.44882510155721,-1.7690759048891183,-0.20661127969604665,0
95041.14840765587,24.596767135570325,-0.6947131310890582,0.6102161695892225,0
89026.37838909164,29.77322927819642,-0.409282438113104,0.15697296096843422,0
45565.675278571296,13.560532436598896,-0.5240883979345925,-0.5865312695639355,1
62013.259780153676,23.36052002753381,0.152354872033722,0.224216404290793,0
27738.11829811327,12.891254876652441,-0.8224199323822006,0.714609790636618,0
18812.11597237613,3.8006544127693607,1.1210306673244714,-2.049941278577478,0
46369.840493998214,46.24747976592281,0.00020706491819709385,1.1590740649558977,0
35335.22280260528,55.16307375355345,-0.009300321138614417,-0.336254738681072,0
58365.611185087204,48.31218650742091,-0.32789471651291785,0.42548993324023027,0
7773.463696498484,31.13388075084737,0.15519068385897913,1.197246923645228,0
97439.48076661665,23.884517238994995,0.8250982646676347,-1.371673697230466,0
98621.07444796029,99.51063609473775,-0.8671302157109003,-0.7094410024275466,0
69816.17140197451,36.60290274007968,-0.6581164890752567,-0.2885486958757048,0
53609.63663441204,32.61771957576247,-0.30372602877666466,-0.7837535211244283,0
30952.761628632776,1.2988276971007235,-1.345870923473215,1.7349365758368085,0
81379.50197069487,20.870394070539884,-0.8192578597214978,-0.8567720938267928,0
68473.11725538793,23.91756824494026,-0.47622087354465903,-0.5555467794868666,0
16261.69393448913,25.44327570989996,0.8743891807127275,0.20438903160297678,0
91092.71844938425,43.39555274326353,0.26256132900192497,-1.2021495260760888,0
82253.7242923169,38.135855217643446,0.19358991136754436,-0.39568071175626385,0
94979.9913291924,46.812567913740985,0.8508979621679722,0.31745326125017514,0
72571.950838836,72.38365643934405,-0.13737178839939665,-0.33286040438251124,0
61341.51959357899,83.82852007425824,0.3904648499288896,-0.09338685889994829,0
41824.30362906189,63.314237191569546,-0.10322175293249623,-0.5293321124483709,0
93272.84833540133,155.63993625021027,0.26536234939962844,-1.514470309180767,0
86606.38895004084,0.9200422291350013,-0.5827586576115821,0.32159321133923857,0
4521.867010618941,10.893995535625647,-2.438817158276429,1.7549330716472415,0
2636.6974497252004,0.37958092657078446,-0.13427916218630415,0.01840163078343813,0
37646.33668780496,52.13164632038758,1.42274813609994,0.22526411724754952,0
81055.33307818329,114.15410050332385,0.9262154022415924,0.6927227551168594,0
98727.61293149444,13.951467213888675,0.9653974845911707,-1.2693304965466992,0
15041.689110352818,130.88845831118593,1.2361307218062179,1.7025146581296056,0
59413.071535213516,3.107995096936032,0.08865759096143744,0.20232879642280202,0
38089.08566310215,136.2364461500059,0.1973157074055956,1.631856899089109,0
96991.43978146031,21.66412396532692,-0.6176518954343502,-0.7330329955239894,1
84211.89231357088,5.347023069596843,-0.31607285602704976,1.8180619225578247,0
83832.87047111378,33.26412744497058,0.6157711497711416,0.7751554940347831,0
46869.31597949703,14.837928153908594,1.2038844371688162,0.5530400858523584,0
41481.95023376652,16.764749629583097,-0.13944627568099954,0.23402445435314795,0
27340.707193070622,18.35718935806393,-0.4501892648514116,-0.24852861807444937,0
5637.549665092712,81.23415099827118,0.0005279588565972928,1.2005316584738726,0
86472.23762550532,38.73535690691302,0.6012067489291149,0.14035986984804696,0
81290.10091300776,18.648034787672625,-1.4438548161335418,-1.9670697035871523,0
99971.76732861306,47.12323804772562,-2.296180953137238,-1.1171864617070024,0
99663.68370739053,62.965586232405066,-0.5505368494915835,-0.1858457521927473,0
55543.17056026275,15.915587110402301,-1.2207124259141586,0.3099989831655551,0
76898.74151805104,26.683316697955107,-0.5081401976473109,-0.05658848889989584,0
94476.5729882428,6.498947976070027,-0.14778031881747153,1.2189707897936632,0
84964.73906774115,9.992678386106936,-0.4532484090230134,-1.9511018640386248,0
24734.810174319766,57.14668463130851,1.4524675344707454,0.1435879365051602,1
45054.413531009355,10.010328074182361,0.32674476460232005,-1.8179792253871547,0
12915.941515149498,37.239224986605,0.30047435961082836,0.7597122954841684,0
95405.10272587223,61.72954997198428,0.6222071440434019,-0.09445871444200275,0
60617.463445088004,5.651544176023521,-1.1388331177807691,0.41960997202411815,0
22864.280550346273,41.886943628407344,1.0391117874202687,-0.8638829605897661,0
67170.06844058567,14.823548004624207,-0.07576428653545988,1.279464931657751,0
61812.82404578958,164.7431485903963,0.6704806172412126,1.0417246640588513,0
35816.27180328405,33.038418566340354,-1.0718572330401555,0.5835443030118876,0
11355.759219962902,81.99293587176795,-1.5537587660160643,-0.12951724686344077,0
67157.31955927996,39.95056249968056,0.8178896580250287,0.5798572852951321,0
52030.77009037933,2.2191524639933062,0.3764095260975166,-0.7068925679873489,0
77231.83917356393,50.14029917871762,-0.9020515543575104,0.8555556590207121,0
52016.35011119934,151.21002600623663,-0.8696630812746944,1.649480894323921,0
85218.150031854,46.016421137691225,1.1254347844147694,1.0706105599791862,0
55190.68387744855,85.51511073538646,-1.1894118928673278,-0.7296024698074095,0
56093.797153538624,107.79732650770167,1.6426729532559634,0.3614173172731029,0
87665.3602658345,12.943703291825011,-0.9006207346478687,-1.2931415437586478,0
40348.286621239706,11.915704709007787,0.638391925608383,0.5723903111756757,0
13401.522845064073,47.20635323547652,-0.3286184757489846,0.45060341286253885,0
2878.2676313338975,26.468871616678864,0.6031874310823431,-1.869816339532164,0
75513.7255673619,91.5857491084462,-0.5441140021141926,-1.1617838439123638,0
62030.95513534646,115.14081768564279,-0.1627929060722942,-0.28313889674376713,0
70407.97680992236,21.803023921175736,0.04091917539572113,-0.30085974714082625,0
21296.416150891073,13.516380730422153,-1.0021874557814727,-1.2094769354188053,0
13637.147558676976,75.82596478962243,0.7408243454201259,0.38897872935218375,0
1454.466566788193,16.06580613670829,-0.5132135664715852,0.2514736089405121,0
35058.7558806597,86.47144627595175,-0.22859991534001858,-0.1942691319785193,0
58991.76868546331,27.559665037770507,-0.9943493746085122,-0.7557915001583629,0
39224.40450997323,55.06327516026851,-2.5623336587953105,1.0487071264165635,0
43747.49220237291,5.02060086455629,-0.19102776260016902,1.6554071130882952,0
90415.86944937485,48.88960345326871,2.412615421612916,-0.4835614838465371,0
34825.54670233004,30.052806898139252,0.7846042878980238,-0.6121669171548207,0
51398.94891598108,44.16800520333024,-0.01926037973439464,0.4912076654119963,0
78365.3012741143,9.196995746157896,-0.2628908292082677,-0.35802937974698623,0
39654.27823212701,66.75606523742663,0.02246589281204638,-0.13939720066323416,0
62208.67002278735,99.31471316059388,0.54711911517521,0.7396531517246714,0
86236.37087467451,12.214516334426968,-1.1808128153088449,-1.9093560875072928,1
94952.06236576421,5.030510563140048,1.114321694668872,1.3183023248526693,0
14707.348092903794,1.1961229965786995,0.7153813154412441,0.07268052432934134,0
92658.76251614944,51.35713440247937,0.7181857257079345,-0.4114931445621802,0
49211.62930795382,46.709248666195904,0.4384757388097273,-0.08923415422144892,0
25824.438829895837,39.559770669178285,0.019616657693989903,-0.03757064497948127,0
45913.57562382613,13.194833147064442,0.6728612359668199,-1.7312013034449254,0
98003.2575285477,24.78913325326026,0.591814133741378,1.494938227453236,0
49261.80939928696,45.1288023769661,-0.3540407109410238,0.041325632270618466,0
32875.16102875082,34.3350857495958,-0.573601772896901,0.4430021304473752,0
63340.085431672574,220.25665816906633,0.1018562952619867,0.9515497705740428,0
24014.561877819306,7.334580630766366,1.5490201514951873,-1.0211624575603002,0
7586.332810866392,59.39587812102318,-1.2391070756539009,0.47347189903522846,0
12887.972191064922,25.902480040519972,-1.46752526575244,-0.26764109089879357,0
12804.583895777245,27.948266282585788,0.16476084123651674,0.8467707752164937,0
15190.269351229435,63.22114307095264,0.05088770185601806,-2.1272274203514954,0
13882.717264941013,58.95362876599073,0.1733416643704082,-0.099094300241269,0
64087.47448032146,236.9693403932185,0.24395319790850026,-0.6028206557839616,0
18188.008439914483,6.870906206829155,-0.22320225463480511,0.4322629506341555,0
34566.72833238632,5.49686250203277,1.4898634386020821,0.47004418736820214,0
89678.84099060118,64.4291382836771,-1.6009039784765156,-0.7076258948220261,0
47396.16402628724,43.18336252339902,-0.828497024780246,-0.7121738641760436,0
66755.77385210272,16.021329622501305,-0.10325476014904739,-0.11066536855732945,0
17231.987120162983,4.137534367389874,-1.6431888111541673,-0.8966422273152082,0
19228.901880867077,4.477543553195397,-0.17585440443207118,0.8419836954521269,0
4086.861626647886,112.30592562327945,1.6614701657280182,-0.36920720044744615,0
16893.506307216456,10.651451592998201,0.020886488295961788,-2.9069882193216414,0
27859.03390319586,19.53164964737904,0.23070090571868349,-0.3748220566218061,0
17701.048427674683,12.851591504781664,-1.2601647651725802,-1.0385438208439723,0
8870.25337570556,21.924961740521038,-0.6163614080394775,-1.6312758154609455,0
12063.587110060082,3.5975680365814915,-0.375196380323937,-1.2374266382225725,0
46077.87680327258,36.60061610127674,-0.31771509675623405,0.10940847183297006,0
20633.37184057925,3.500342318872068,1.2816437950037687,1.3286408282482312,0
36426.98610480755,80.5611021079626,0.5576910607251245,0.31318447386498,0
50341.72708548569,13.309865384210301,-1.111457956937032,-0.6065033882157397,0
69039.48286293654,38.827734557429736,0.24650477843200488,0.4559041951707027,1
3931.2139841098938,106.04614082448708,0.49822174849678513,-0.45909031021899177,1
79941.03989090427,52.616602020513206,1.1401490385212665,-0.6946003691631446,0
62790.03894909078,38.066781628736585,1.5805406865683735,-1.1543626682329844,0
8175.903194887191,19.6028021242073,-1.0150941918278686,-1.7518288067517191,0
87357.86241067773,20.24840506119234,-0.8108575112103382,-0.3899237065594453,0
92087.24005318132,55.35545752848681,-1.2575778589146163,0.15805348992013185,0
6107.795985486375,256.9748337353652,-0.23401985910698136,-0.09662367001488972,0
27687.764814720373,54.21168634826156,0.4663583744463345,-0.4159669279473586,0
80620.12797930614,40.79777554839906,0.9873345165891019,-0.9457460606967811,0
74825.96903836583,65.58727620964056,-0.07595102364252276,0.6082461916849685,0
18452.101935637733,31.293646399120444,-0.31984752325484395,-1.317131919946585,0
20934.93233367103,3.1013421741608775,0.15175799224874037,0.7760279138434754,0
37047.2102791382,41.31071300719805,-0.835142901630023,-1.0022170189267248,0
48452.298519102136,158.06017136476675,2.0895387216947734,-0.752435237353035,0
61825.4771530296,9.636958147035177,-1.6076610271180587,-1.466785190615677,0
36891.36395697724,58.559937923412896,0.18474057889572446,-0.5014021468856367,0
46253.47161331479,11.215567187112898,2.0236062192296393,0.9753124584779789,0
74747.09381337566,38.374971301322326,0.006799844559997769,0.5156280884439565,0
3668.32028905979,5.083724185118045,-0.19003903500149447,0.9784221120280351,0
25243.694434402074,29.925582892294035,-0.3574454228104272,0.5221425459339358,0
71334.95858845525,70.56283292712283,-0.18039168176240783,-1.1036698285303692,0
89520.68376871993,21.352688074272706,1.3728484746765302,-0.33078922432755736,0
51167.74421156661,54.66806364380442,-2.211861911329507,-0.7801991291174627,0
53211.34852653157,79.34713214581751,1.5334337012963255,1.3305749040390402,0
10717.201133977605,130.98673463521044,-1.423957152450145,-1.1967886464263116,1
44741.236682345465,13.37058438577778,-0.2666523292344148,0.8936976893891109,0
53261.72664550232,25.48430664572674,-0.42924442029866183,0.8929538701087693,0
24247.050363472965,8.268267266120139,0.5885532697707198,1.8296202017160872,0
26924.323094938096,244.53274810240276,-1.5981243518837476,-0.40968659262949736,0
37728.416310462264,130.86545485792863,0.46217266608194285,0.7123221595801621,0
2007.1197777726368,38.82177993995614,2.0243096232868525,2.2816518365388427,0
32207.91655831783,92.26854960309858,-1.3631740045928105,-0.6176416769336966,0
21144.800699654465,36.79834776491431,0.18970616761039566,-1.5350402475323597,0
32749.735217791465,48.85324243108654,-0.6619821777966091,-1.8800100339077637,0
11976.21318192512,4.66744897715109,0.42588720619303577,0.7127120288613313,0
89052.72807398949,70.38007175778695,0.01914777741575206,-1.8831502080585838,0
59359.24535540486,6.831866761445355,-0.6414869090443096,-0.37231905293792283,0
67910.23191444896,87.45443674676696,0.487872284871074,0.4373131870389607,0
78917.12386073383,76.16945335093325,1.804348109786743,0.18517553682991406,0
49844.21989290573,61.67775345468045,-0.19090379172729868,0.42544486418417227,0
8692.028808742369,1.8415184025776559,0.7197579421481819,0.22228985580085406,0
53710.65418185478,18.057702002577507,-1.2932729578711637,1.2788658133133932,0
58684.111802087915,15.266006958956375,-0.9564363768180087,-0.952316380738797,0
74543.947418433,22.32501310097585,0.47240627788037737,-0.6769951384585313,0
43165.95462296794,4.5861820286188815,1.484116028535965,-0.772659445270824,0
12758.030279556377,138.1975650446037,0.35561334878566,0.8301918118626102,0
28377.590579872445,40.34965093815907,-0.31305803052315434,0.9003985883950636,0
36308.22963986351,18.22990609738011,-0.0007085945766459172,0.4512253193185082,0
64591.724133160125,25.290371555329955,-1.2504077339697175,1.1834936668899279,0
57077.83046689119,29.63818011213151,0.6045153263553668,-1.1780408673763807,0
35609.672589784626,45.8888835110396,0.8823330623234091,1.667224111551137,0
98651.52487929797,36.25041260227198,-0.45209033283308037,1.5232386217122582,0
60577.48193568872,125.90785232588233,-0.4700421477595015,0.7356219972457467,0
23722.67917359945,34.35462564603948,0.2658782296520485,1.78179890877106,0
10178.247262040373,242.41316326801177,-0.4367197360405955,-1.6566232076777738,0
15285.913918433203,95.33325566641402,-0.06613261462582246,-0.5244481362626519,1
24595.772838450812,11.691934191971594,2.0997217891665154,-0.7353034606819523,0
16068.137325955568,133.3899730294427,-0.24702570074599667,0.7214793237573432,0
18656.702405130578,6.185638975497147,-0.3583401520212222,-1.0501407396021456,0
28509.51686938471,85.03647870053629,-0.6475418056351592,0.7574951493374855,0
17337.35952947548,23.952080933354857,0.7441919714999368,1.3705361439967134,0
89676.54246264252,105.1761884121618,-0.181224173218103,0.6952029000839993,0
8023.374566164221,101.26914595778133,-0.649373038321426,0.2837510236615011,0
52451.13895702547,81.97563291787237,1.321304032273012,-0.9878733409007492,0
41039.68269896615,78.03963467821305,1.4196030045136372,-0.8468509661253646,0
98237.86169086063,18.16909347958934,-0.6004235657387051,1.2496189052966666,0
11203.890216805234,4.219066460037473,-1.8665399513606162,0.7793490039053323,0
39785.55990457416,25.790248237114984,1.0075136898369221,-0.03901951937754412,0
96947.04332753689,9.529251168332879,-0.684629825760004,-0.41790954576589057,0
86550.71258939803,59.3641575488737,0.7906255991627686,-2.025807873111377,0
81707.20709492799,21.24002131065532,-1.9701038177118355,-1.0708524186844388,0
25790.282704493984,185.67951510635413,0.8925973382993092,1.9114190871397234,0
17088.758739006582,51.21775572680621,-1.2111719292807812,-1.2804555710024668,0
66864.3219924431,86.43375877049688,0.7307641190665245,0.18947982122108065,0
92937.59891275858,7.108410438327972,0.014273067836434106,1.0074439731951985,0
55676.28930139298,99.03032716682254,-0.9539394193966448,-1.2549226680022925,0
57161.268946989985,128.04007243080665,-0.4070363129267805,0.1847104747810833,0
27997.909366028416,33.38000702741247,0.6863184569567008,0.937915537510655,0
76949.29331919369,46.602327491249525,0.10589445311523424,0.012499321907250335,0
18704.374855752336,72.36803671659189,0.5844129804724842,2.8684030556667683,0
32367.923640424367,9.608815422728965,1.9764405845154855,-1.6685992588781953,0
42543.64386164168,34.914627410819726,-1.5642416117110514,1.0587285298838789,0
50761.0378684455,25.42999078347839,1.617212574968624,-0.17280173739646437,0
24240.973241508025,7.913105552263051,0.10435593752321293,0.7719201548366751,0
11483.682473920353,22.906474122836578,-0.8987840483231282,0.44130715169924584,0
61062.00424416326,3.5303681352055105,-1.3303136257389898,-0.7331561971099966,0
28863.055324025576,1.3075439984406323,-0.1891203907770335,0.22899639245934025,0
58123.822142261226,7.260901616428179,0.9216501119244593,-1.8579014513982872,0
15436.271527420231,164.99766699885538,-0.12754912037753421,0.6032475005713938,0
48114.01018548175,39.87313832790614,1.5111549302473475,0.29815846599052565,0
53258.943255158585,168.8088915942053,-1.4511756900515589,0.6386601686431024,0
5182.35368224269,28.325539550412493,-0.01208894784605456,1.0581183250871502,1
33660.427819392055,18.684961416535202,-1.252393444413119,0.3676198402097109,0
13441.467693897424,35.275348738864984,0.3636318826249679,0.1480894197982762,0
6337.4970472767745,28.947344531327417,0.8868873900973003,-0.8810683366612923,1
98996.02323899453,5.583725029919597,-0.42076179368105326,-0.712220763649051,0
32235.384497472296,51.197460219874635,-2.6042138566271342,1.186734620177331,0
80987.44458546348,12.169748099916532,0.19894814679649453,1.4363354057059785,0
25464.065476376385,48.325014225288186,0.4367385517335095,-0.23811043631205406,0
68150.27222239293,52.519841966230985,0.40429475496169764,0.04600274725327412,0
76022.78598896865,8.24519757772232,1.235782191822154,-0.9046143749937661,0
59563.87406078443,3.165610447526569,-1.0710536796490489,1.1727568452674448,0
47157.61885501584,75.8797746611965,0.6802161054504494,0.6654168236917787,0
41184.091414726856,30.790831104569317,1.192507512477975,1.9412174364637491,0
34886.82665429953,2.996195005190793,-1.7785875840065168,-0.8783230771797389,0
92952.91442478259,263.59659883683327,0.31965182591897723,-0.3780078990182172,0
83061.94077877291,2.975854071221184,-0.5041798310076715,0.2314459225255723,0
96502.69106665126,59.37795067500756,-0.08152267310164589,0.6464895377257707,0
12429.722348554473,205.76490388284765,0.34767648353833636,-0.21566763754763232,0
73086.74752036443,13.66793084785735,-0.4872285641135523,-0.8729610904537004,0
93834.04568210378,7.672093061679247,-0.6757080791616118,0.8814075289235711,0
18123.306616566017,6.470420301200468,0.0341524174880246,0.7211353625455816,0
6649.626736677749,18.06823529705549,-1.0872459388628026,-0.9162741005637249,0
74112.06492900591,5.326160177578075,-1.0858251288851855,1.3554428011054958,0
57447.31131799119,58.90897349640917,0.6793732829565033,1.1701987091966037,0
84182.8776758272,3.2158231899763545,-1.148794035158656,0.13429649724779288,0
13977.23766262895,35.60856262173184,0.6663125009092119,0.07959786237603639,0
79526.73118598902,285.64399433999677,0.4625912928539512,0.5540577711159071,0
20162.732004774454,84.09243883383577,-1.7258067287905967,-0.8617030702562581,0
16365.594286570451,47.754103830993685,-0.6775646523356551,0.03003147916408217,0
16426.579793099296,18.282441654349263,1.1941094030473725,-2.1523835446091804,0
81457.47202313821,48.89445714095118,-0.9811655311396816,0.8764556455029355,0
66519.72206962001,37.43737779397671,-0.46440426230938764,-1.5614932224418594,0
52306.542476911935,27.763558065834786,0.4620608932518965,1.503419828428999,0
35883.04841235025,7.003946293017256,0.7833905092825955,-0.3301200939664503,0
87720.05408131082,108.84355299060238,-0.2515388860444957,-0.2116669819311769,0
39244.51074226354,29.87227648963911,-0.5975101946916416,-0.6277339060845056,0
81659.9439471577,10.82220910307068,1.4223698616985077,-0.2880388739220764,0
43913.49085702184,22.92425916914676,1.7388996637975789,1.4185313451480366,0
37694.44294249076,26.7328467310067,0.9788580507817954,-2.4878086565350794,0
46267.97856696064,87.87888755452667,0.08531814256502405,1.2769653860881878,1
30137.78741641421,66.14051614296392,-0.8082657216409264,0.33802348110170816,0
74760.93801762511,73.33291630850958,-0.8304444065565653,-1.2070216478572156,0
50272.039009247914,0.5546280010766932,0.5225141052657575,-1.0753123930492379,0
23221.26951468173,26.90590132204877,0.4183982208886837,1.676393027208203,0
89957.45732745685,32.82573605190803,1.4015985929464294,-0.9455068799427312,0
38389.122137321145,0.968941973322315,0.6504500925361392,-1.1533505105959594,0
54355.28611139886,15.042635201091315,-1.503080301759818,1.1373145423647293,0
90647.21109645469,71.4162340857189,1.0519476177229186,0.33855287628591424,0
62423.79959139921,7.373385866694464,-0.9980606273144129,-0.9379255765363989,0
11689.804070836408,38.31925226324291,-0.3839712719523516,0.216624975404619,0
93983.21236134751,12.116437803844688,0.2502002062516945,-1.0257526836402773,1
62770.80530714179,0.609741512438881,1.9956674897839644,1.1008213984226052,0
33490.56146570861,13.800948092514966,3.109918556005361,1.0613709648731335,0
13927.207266338726,186.2227511571439,0.6067230591361827,0.5320061988219431,0
79402.5189270296,80.85765789807736,-0.18319661872038787,0.3616610612470166,0
62007.27559285135,160.41737750956167,0.5345056484805503,1.7611881248673737,0
53346.109197632155,33.457281205558395,0.8876554258738361,-0.0003136726117747121,0
89389.25830509576,5.811872709759625,-0.3206676255571917,-1.1818741254208012,0
78859.72112245308,39.699173850084726,1.7952113559123222,0.44947391283230687,0
15167.487973275118,30.291381554346426,0.23007075919140207,2.0860470495371137,0
31172.206779554825,93.00954436999046,0.49774308909139425,-1.0147594931858521,0
24848.913981446574,5.161615804331191,0.6659242520544614,-0.36146276669398575,0
74394.62925726769,33.49508678149231,0.4215866106144557,0.41644603810145264,0
3353.243473577938,8.128809185896223,0.8389405004696122,-0.05390484900573916,1
56988.96848713165,19.628129750685222,-0.6172531865469232,-0.9823035803773146,0
76245.86857406906,66.84799390123955,-0.5583017539460305,1.1218578562304709,0
87676.56367617495,32.31490966458089,-1.100154232971695,2.3200407220172594,0
34208.174871590745,23.57129482107963,0.4395012306202264,0.19613145902390733,0
82125.73046720128,25.08307700792891,0.7789365035121141,-0.9040682897360003,0
11063.173695520723,30.75810804584616,0.4577728661518858,-1.548960525053475,0
84645.22917345182,76.8597100947232,1.6744924333475373,0.2579759812211809,0
12748.866233198241,111.32042581618732,-0.005596018829046555,1.1038773433162576,0
39728.729056036726,155.42790315111498,0.6687416555925126,0.4751677464953816,0
79729.53657795537,77.30048152278488,-1.0917008761393143,-0.002403840918853844,0
14991.742734877378,18.946531280202564,-0.387099702474401,-0.5892716517893062,0
22925.139523264148,58.259196734051024,0.6955377575657775,-1.0921636327180897,0
72225.25683930663,28.777374668244693,0.849102110743144,0.8347513263248821,0
72003.65365460743,14.696452012448885,-0.29396694766418224,0.9137716213855857,0
64114.76328852973,91.90218630952891,-0.07159925185806683,-1.5457297866907331,0
69394.84444671,1.9592058371878027,-1.5178737466808094,1.5898389781806839,1
54272.44433475962,116.01810465201861,-0.3570292008066094,0.5740712208940013,0
25179.905890695274,30.94629674196398,0.8903831635197862,1.3995946451457935,0
34569.599350391945,50.69538156672787,0.5752050161065663,-1.342127748485115,0
18159.771680142567,53.84556178581311,0.5006657213812097,-1.365824155415439,0
90845.05613336283,112.74584490295103,0.04977368718096008,-0.14896930976729691,0
58339.179476612044,50.62214460021356,0.007063158628176452,0.5027844268951942,1
40085.141676363986,47.5872932055436,-0.6603211394734471,1.7963608229269636,0
46200.58036441327,3.4488600390952704,0.6988284202025348,0.7060789138151315,0
94728.33396118153,36.532902099460905,0.4209729443893898,-0.24268127681203333,0
15335.14031160802,8.135888687831075,0.49201884799279927,-1.0263692076658921,0
58622.98320167972,66.86259595713724,-0.5260348426675804,1.23000057271915,0
50588.8678884466,35.894736616271416,-2.1533429198712444,-0.9647054257507148,0
61145.423543464785,57.007317333575415,1.0971527117536957,1.6284685547723217,0
1811.018382084051,2.128305970817718,-0.47883745600840416,-0.28438464960650933,0
87212.39089441515,4.4301967334239265,-0.8627757640431206,1.5905820726178503,0
93211.82824836124,62.99601899914633,0.6934789119139937,0.6789312900592783,0
56513.31835892089,3.740721481731317,-0.3920126399191296,-0.13699548944245826,0
69665.08238768922,3.696146343450604,1.0599363840466218,-0.5193963718261266,0
92249.93811772957,0.6091190004897985,0.6170059495766975,-0.3409078773460798,0
70723.86343133987,156.75132431098945,0.6835693232004776,0.4283166923752375,0
15253.904291426135,66.87680215078305,-1.3659557112005343,0.07715649621771674,0
57628.836016681315,21.78988178668496,1.2119439853864005,-0.5938114080687051,0
60671.50463828559,17.58689906150494,0.26125053123385605,-0.16563141031763223,0
42413.0671302386,21.516322533344002,-0.36927713924620315,0.0785770297191498,0
73644.42356247228,74.50580998658252,0.14338846734225108,-2.128734094414812,0
93436.70147690148,54.14245088142516,-1.77623523289832,0.4581681147886987,0
92556.85129067763,10.240357755499982,0.40865281148067084,-0.9797212247168068,0
45083.93714041321,9.564644072751095,-1.0293715081820716,-1.153332403205745,0
11323.804584075526,5.178974559716974,-1.3526702858435344,-1.6873443471107104,0
98484.11989623346,53.98502050167564,-1.5223591862178911,-1.7938924978678903,0
83889.80864459342,72.27518996118579,1.1126883749899252,-1.3554475031122892,0
12466.268120326684,15.397397477679513,-0.6292633936927887,-0.7090209576304904,0
92084.18826173723,1.0583709225807563,1.5337277099164992,1.9532591375265682,1
86989.63620621283,4.2872453728468045,-0.5358014630522978,-0.5258796758952039,0
51883.80571260721,171.88275014186715,-1.7073579575929467,0.17775010626803134,0
59127.54357449293,17.509428265181267,-1.1165244399486591,0.4004813865063287,0
39900.27038701303,73.31520216520101,1.2358116200069387,0.13106518621584873,1
5476.163882203134,48.9966252744019,-0.15589817793666752,-0.07744346072599365,0
33519.724164590094,24.05845779146629,-0.5482872964906009,-1.1952937635992447,0
80285.34485980115,11.513900947795177,0.1600182258527877,1.4509275482792119,0
463.20230046028587,6.470504452855058,0.501782736167545,1.8071966436378852,0
33349.917169114415,47.72728142397403,1.1173988159024608,-1.6826586941226858,0
39816.86935909433,74.50142791704589,1.4484992298929262,-1.0240285908863795,1
53739.56029379229,51.62778167818545,-0.35976864578908574,-0.2798103423770061,0
91985.56164127604,37.78328138432362,-1.3260476860820383,-0.9645377949101913,0
34634.59943659612,2.142829365455452,-0.413465161123276,0.5059655534558652,0
34695.32018962277,172.8705764876777,0.26028050658288615,-0.7282722024066131,0
73750.12481097484,80.151472442218,-0.9637589262106109,2.1650560678066024,0
45221.794088980714,17.323646431882363,-0.9571509148950429,1.190548594343596,0
22460.482293998197,195.52702863586092,0.34378788154988543,0.2125740306322149,0
45243.95161326934,46.050290223474,-0.04865235157045115,1.0269862633197322,0
14085.702037979985,43.66427510224252,0.03279699541158651,1.105900424357309,0
17638.69865062233,68.93083141025073,-0.7584953347000695,-0.5639474880582432,0
49836.77727394798,83.50447669219385,-0.23040071420576733,-0.8162172445419648,1
41892.544950454794,53.42529453740248,-0.9242331442683044,0.07814306296964744,0
91484.59010681,6.853783099019248,0.8901984111247868,0.861636124497944,0
36239.38991166331,20.644694615775414,1.0352493347237526,0.13906039865341766,0
58058.83502780434,131.6125753212103,-1.8461878622380938,-1.5769964821909972,0
63226.42879195304,12.719819393547196,-0.92951086019241,-0.8028244439508423,0
1309.4456588333637,23.274055470633982,-1.496529255090079,-0.07397286359437803,0
66353.73720167106,28.28846133593655,-0.6500239344068982,-0.07566560432583026,0
17803.596686975143,28.937827046166646,-0.08343796979036086,1.9725421767898081,0
96107.03174694552,47.458724027611595,-1.44964521969853,-1.385987942398998,0
14866.272775311296,143.30176918900978,-0.9218598131253132,0.5055892418358746,1
41462.412372702376,13.767436213709322,-1.0039573720814985,1.4891131083282896,0
8534.966807864386,6.4770469002476165,0.20726732939894396,2.271449745422796,0
99687.42518459473,10.999332594693238,0.06934433703625043,-0.40439742318396127,0
50219.50103312426,108.9851540550276,-0.7217375533372533,0.4914294527201998,0
59538.50173200438,51.89620405381139,0.17682087213939798,0.5697603571986469,0
6707.647738842748,16.83708889395092,-0.5466800845872654,0.19548173155329082,0
74996.04703991777,84.62655938873603,-0.2716551103260533,-0.09884520123930605,1
20990.559309558575,98.79733695998478,1.673452090298537,0.4359753895000459,0
89805.42894407138,93.70740639905377,1.340461051790348,-2.5322460852196853,0
20513.964048200716,125.61997716371161,-1.2995812369275976,0.6820694900626313,0
19068.77206636666,14.533728620730772,0.8297324178791745,0.12617790366196718,0
3654.966784809488,70.33341104115277,0.8113965544915921,-0.22247489677826537,0
47206.69451099992,30.859285392605713,-1.1482632887526183,2.046862195719558,1
56484.11332626164,92.25755435367259,0.8187776437548606,-0.6749340187905523,0
6570.863942835236,65.18794009673783,1.5379319184125528,-0.4030759890650308,0
77552.76166950105,74.90543769327964,-1.1225448062444139,1.991553302204734,0
45328.88347480276,53.37920953421046,-0.9175028210142636,-0.8320613048498566,0
52439.026932758,9.766009881197293,1.0176614668435024,-0.5501152829365389,0
44076.274693822816,39.37585120961023,0.271495310825648,-0.14702542343084998,0
40076.3060875326,208.89632975084726,0.5514762752395233,0.8407344821295493,0
55964.03313082179,138.53996940037163,0.3405892164004968,0.2078025073533134,1
15524.02459307125,2.2066723058793034,0.39069592092814415,-1.2926253471522626,0
18192.81304952711,9.005090057537746,-1.326472128311083,-0.5321685631271895,0
86178.56210135172,7.062557007634263,1.0473177066214483,-0.6073544332122114,0
94611.54621336327,64.72769270301934,1.1695899924277735,-0.07722104522304557,0
37330.9316279753,85.12848903479231,-0.22939074406802776,0.4258436586298291,0
27074.467314355377,12.008850417502643,-0.04347694981386243,0.4182057558879721,0
64399.95432390158,35.24608069197645,-1.5311075025557221,-1.7760117540484022,0
40873.41710980964,91.84925352389018,0.5142547560178349,1.063940987560856,0
2538.635566034486,65.98818093235882,0.5720574417141441,0.2525688459966235,0
15615.259736619037,39.07020724768975,-0.062191016999311004,1.3845320475939062,0
71597.22288473975,44.622325228501616,1.1243533598705027,0.4441983272906719,0
65892.39419101513,35.5004825034203,-0.3340772309799405,1.1013229577357622,0
2709.599250348349,17.658942500081025,0.5646059258936003,0.46654531145012695,0
22197.216193294946,41.622990373407774,-1.0196643386921156,1.3462257562027482,0
23107.47965880714,58.37968155484062,-0.02355215087423812,0.5222506360177785,0
67189.27435987284,103.30570375537262,-0.17435425790283585,-0.09791524644290406,0
1971.0537754364154,50.57010774374272,0.22530792204094158,2.2724347204468818,0
10410.858198457385,71.5900189792763,-0.3695269288333586,0.8890371222798921,0
79991.60853731894,8.721933524456189,-0.1314725956716678,0.5737444210044131,0
17854.46620543336,30.9537259333188,0.8260471714415063,-1.276304416538336,0
65274.61078518747,0.46877160822280783,-0.43676423723821745,-1.2883076174635377,0
23818.278104672652,14.163183367893344,-1.6065771007386793,0.2927154821418534,1
9944.139275934516,64.81568428056428,1.7495839042054206,0.1455211977682408,0
24317.219099945407,240.24177204430694,1.3814540786904865,-0.6141225650083162,0
72226.69318556592,5.222385485554638,-1.2922626951056186,0.14098269961206,0
85569.64681062858,25.665962836070968,0.6897078052451944,1.5886269280435958,0
83021.98645669916,80.48964094508742,-0.5029747705513431,0.6954024745502987,0
39718.352961845485,11.410043063078188,0.26348721533105957,-1.1410085097527383,0
66808.51365706461,40.493595617380784,0.2942241290134937,-0.1115088271429437,0
20498.429541582096,66.03868412840677,-0.234407800316322,-0.8049664808525608,0
29314.773026101328,47.85374185823829,-0.7837656655863965,-0.38769991640856116,0
89633.58185211198,10.414270031672503,-0.6905410523162594,-0.41361566562964275,0
1300.1923510736035,21.955068526149535,-0.9161919154812425,-0.4776455826040052,0
8550.853085446808,76.57566874469937,-0.8318222082304447,-1.2551353719733949,0
20788.625514602732,40.39721675980882,-0.06717829004935526,-0.12765468151819012,0
2653.2203873819717,0.2621667917122488,-0.7157599891107518,-0.56060763684731,1
18143.543508979732,71.56265334138119,0.6820520657126199,-2.929448690002268,1
58304.156096969215,1.7974938655777102,1.4872461553359273,2.052972024501663,0
42142.4550592498,68.46867306765219,-0.580053241370043,1.088769654216672,0
89267.17110769749,11.312453432593609,0.23940450053537707,-0.37630072492499606,0
81744.35617384409,158.5918359779893,0.49968511030293383,0.018819049740598424,1
34181.7351697876,22.93860706448017,0.4720022709192744,-1.1716543473175618,0
25942.343343129247,19.795417215167816,0.07595526791608741,1.6957228778108653,0
37969.24081672669,8.060580416755945,0.7426824183597224,1.8972886947731116,0
59029.49425148078,18.235659317442863,0.4822489526806572,0.1566937282465246,0
26806.364082287626,104.63678060883194,-1.2376624223272978,1.0235306441853447,0
62414.890784913405,280.4373115354528,0.8691560643892732,0.17528677893392386,0
40941.16521912404,22.967788413439006,0.8872908372667421,-1.3367254388759306,0
55204.71808519802,29.765703025518476,-0.7632861041785816,-0.4118233689636573,0
43612.65291353167,64.01946856224548,0.03793783544760203,0.13192796677195706,0
29446.57595419177,108.66378397315071,0.6833289928110694,-0.4545477187434442,0
94845.33069621566,44.952551433930836,-0.20931381957936157,-0.218653277435036,0
76360.57941597608,24.84002997279657,1.0729780477660118,-0.09139955750911445,0
14011.317576645255,26.60432215751686,2.3638724946193608,-0.08087849786546131,0
86846.79758979128,59.47361343779222,-0.7859860326349823,0.05225849049748321,0
48743.11982495136,0.16117266761173124,-1.3810446031537749,-1.060605066396601,0
89455.22268940914,48.325195944629264,0.30381859560487573,-0.7170161491279362,1
79985.52559473152,21.963480586487478,0.7215625051261435,-1.2845842656999693,0
42521.350446923345,79.04187440553979,-0.23086637384476896,0.9778155496862003,0
2246.9308320117398,4.880125449492802,1.4532606633210343,-2.1056469418403245,0
26867.735938494607,44.36114946889184,-1.3386057997232488,1.1535903433169254,1
54163.42146608669,32.78995809468057,0.6929186230316111,1.3863493972628433,0
63347.821982614725,51.406599823732236,-0.6058608207588934,-0.3021805869826214,0
25788.768543320228,3.352608925534093,1.7193779062072967,-2.6031370878272986,0
13935.607407282414,43.37309835440721,1.9925153531681183,-0.3613105619672905,0
83493.02367992992,41.21801603014403,-0.7666565877833479,-0.06418416128881928,0
98440.21807035521,41.1240946550342,-0.5495571359085801,-1.0105982199289134,0
52569.018230268586,46.25240663537058,0.8595878869798019,-0.5152183938082427,0
17167.928584830348,56.4228528911877,-0.3871306497895146,1.5301951988633513,0
27230.732651936894,81.73496550579964,-0.04541121793223822,0.664927162301741,0
1839.0676547466733,15.723259306312464,0.02538842054241018,-0.9245641143780999,0
91429.8806560499,87.16258444056155,-1.9196731561976563,-1.5975991695954321,0
11775.108289014113,34.48323081298047,-0.01383774609423725,-0.3270173176097711,0
57651.647551425354,4.009459373168457,-0.6897277740641738,-0.21345677935043825,0
27405.522068720602,3.0167513037528804,-0.493122822399772,0.4961991873633163,0
55417.80025157934,20.341175418012742,1.4436320034688142,-0.535316712567659,0
65142.038835186424,76.83190946985042,-1.2565068942792563,0.5114995753618614,0
82974.18037072016,61.495469201039214,0.8132051867479773,1.9351540400602292,1
20642.12717606032,77.70369982367988,-0.2789629303318085,0.8155010224442626,0
1099.5828658480477,36.414791660759406,-0.2797601684958344,-0.048088507330772585,0
13688.563006880728,29.008695594895162,0.7903718960517113,-0.18315047105329468,0
90001.8641848105,7.976319211344142,0.34005129456889044,-0.35667313417987123,0
87389.00775625152,19.889190766618263,0.570612997219531,1.1806409124521446,0
59741.31021703083,28.459770860961658,0.9681846605328611,-0.6273134459513029,0
60051.686043365335,4.638693580128087,-0.33130838318332273,0.04522270899998256,0
66503.66745462555,12.46231109903065,-0.6122367345077503,0.05119790188108534,0
17537.127862344958,45.59318902293805,-1.085150526557798,-0.501784192811532,0
91441.19459249597,66.52654534548505,-0.8254105299789551,-1.3724655478841008,0
41877.05248920731,320.27364403170714,2.9490944253087252,0.32297450361766816,0
38313.85282494975,135.23778022021577,1.2446795807367868,-0.06100397185538355,0
51891.770528283756,51.440115490143626,-1.3510743662080213,0.5002404694365699,0
4696.596677505505,27.344065497429888,-1.3224579567435701,-0.5336003064391669,0
16628.33687560794,50.554439788992724,0.4818660617184915,1.2208212988130478,1
73803.36164263704,77.00763173715464,0.547264797377967,-0.8767737812118448,1
8279.866792512646,6.2972232243017014,0.5488838353173644,1.7120402840178925,0
60315.21094663882,26.373577558486446,-0.25495579355369785,-1.7476365098282616,0
24534.910968132095,91.56732559190152,-0.12545426000290022,0.43477006455689116,0
38929.56140419765,24.21185851424566,0.3278795241593574,0.47543068252662346,0
28869.373677069987,42.416684810502254,0.08589300629333041,-0.7955570679408823,0
35567.27164649491,44.308614126586946,-2.219300372747535,0.4243939378610126,0
71904.59051842455,10.196236897517547,-0.22979963057519381,1.2795186697601588,0
29712.1715623175,22.48930472744652,-0.8514064342603136,-2.2168188393540644,0
56640.46402968972,20.36168020443175,0.17521141890851205,0.5027448074908146,0
47605.04021990997,1.3272977607334806,2.98525900260341,-2.4932708203300775,0
66367.11653626482,1.2244595635265159,0.3674816654743044,-0.965664803523208,0
93682.9739324758,89.09948060695697,-0.3135296861723979,1.6291663649009451,0
73257.20972102504,15.946310321501752,0.9218015019772522,-0.581782033392054,0
21494.037859075677,36.49872968592603,0.4826878872092127,-1.1738799644089726,0
3118.3135061284675,17.742799503994654,0.4200944904518413,-0.19793772898468187,0
26226.404429982507,141.23980180792614,0.606850593215671,2.067906338163552,0
59507.79307002548,15.007760910029717,2.0565435648295414,-1.8316822472060261,0
5142.581348425035,28.07585082092952,-1.1308884353259157,-1.0513099116393445,0
49636.62472012363,103.07232165577965,0.47363207681145447,1.4974316831796264,0
59684.28489168892,92.23699354910642,-0.9263811299815384,1.8577023435377324,0
33424.389081696085,10.295975634528098,0.5555126463422483,-0.10343122429028392,0
77091.22037458219,81.1371288624397,-0.9186865114860944,-1.2390527025266425,0
10659.82531337718,30.64170732412275,-0.4173668136050844,2.095843501809159,0
7513.778173580876,32.982609877689626,-0.2950899142379063,1.5944423917491968,0
72818.87562036034,7.163502844895133,0.975816719344709,0.678946987762233,0
49549.131620619846,4.201782103666169,0.9184544439424138,-0.81240234893742,1
68840.23964277361,65.08650507257195,-1.2457173764463845,-0.049029340838036735,0
43482.733860374625,34.3047207298425,0.054934110999848726,-0.16036008104483077,0
24640.203323910682,28.710525207056563,-0.7095798547491726,0.33085130461557777,0
81910.23176741997,65.3756800657519,-1.2585049106753345,1.451001438131336,0
79941.58789689792,72.51773494836927,-0.21701705042437042,0.8794170411374032,0
69469.64708544267,8.652721538019973,-0.3084827884558197,-1.0773760769847582,0
27214.51372299627,47.10930064584235,2.4267164863455224,1.3764964500195378,0
59023.06668690871,7.271759976393737,0.43295982536069616,0.3131321400131553,0
36097.38969400268,69.59049439136747,-1.3776175007542373,0.6870657958589163,0
9158.207332663414,53.4947050307972,-0.5647740041709423,1.466540859278603,0
91731.35754622427,156.8816392980162,1.0213832954293984,-1.1115802495135512,0
13681.86309189614,3.572545375426614,2.088442772869925,-0.035825578706462934,0
95023.73538208024,2.937351341241873,-1.5859833122379583,-0.531454551359215,0
44600.57729579557,16.577314679743203,-1.879924385139045,-1.5678594253654559,0
